/*
 Navicat Premium Data Transfer

 Source Server         : mySQL
 Source Server Type    : MySQL
 Source Server Version : 100130
 Source Host           : localhost:3306
 Source Schema         : qlbh

 Target Server Type    : MySQL
 Target Server Version : 50799
 File Encoding         : 65001

 Date: 03/08/2018 22:14:47
*/
create database qlbh2;
use qlbh2;
SET NAMES utf8;
SET FOREIGN_KEY_CHECKS = 0;

-- ----------------------------
-- Table structure for categories
-- ----------------------------
DROP TABLE IF EXISTS `categories`;
CREATE TABLE `categories`  (
  `CatID` int(11) UNSIGNED NOT NULL AUTO_INCREMENT,
  `CatName` varchar(50) CHARACTER SET utf8 COLLATE utf8_unicode_ci NOT NULL,
  PRIMARY KEY (`CatID`) USING BTREE
) ENGINE = MyISAM AUTO_INCREMENT = 8 CHARACTER SET = utf8 COLLATE = utf8_unicode_ci;

-- ----------------------------
-- Records of categories
-- ----------------------------
BEGIN;
INSERT INTO `categories` VALUES (1, 'Khóa Học Tiếng Anh'), (2, 'Khóa Học Lập Trình'), (3, 'Khóa Học Giao Tiếp'), (4, 'Khóa học Bán Hàng'), (5, 'Khóa Học Thiết Kế'), (6, 'Phong Cách Sống'), (7, 'Khác');
COMMIT;

-- ----------------------------
-- Table structure for orderdetails
-- ----------------------------
DROP TABLE IF EXISTS `orderdetails`;
CREATE TABLE `orderdetails`  (
  `ID` int(11) UNSIGNED NOT NULL AUTO_INCREMENT,
  `OrderID` int(11) NOT NULL,
  `ProID` int(11) NOT NULL,
  `Quantity` int(11) NOT NULL,
  `Price` bigint(20) NOT NULL,
  `Amount` int(11) NOT NULL,
  PRIMARY KEY (`ID`) USING BTREE
) ENGINE = MyISAM AUTO_INCREMENT = 1 CHARACTER SET = utf8 COLLATE = utf8_unicode_ci;
 INSERT INTO `orderdetails` VALUES(null,1,1,3, 1000000,3000000);
-- ----------------------------
-- Table structure for orders
-- ----------------------------
DROP TABLE IF EXISTS `orders`;
CREATE TABLE `orders`  (
  `OrderID` int(11) UNSIGNED NOT NULL AUTO_INCREMENT,
  `OrderDate` datetime(0) NOT NULL,
  `UserID` int(11) NOT NULL,
  `Total` bigint(20) NOT NULL,
  PRIMARY KEY (`OrderID`) USING BTREE
) ENGINE = MyISAM AUTO_INCREMENT = 1 CHARACTER SET = utf8 COLLATE = utf8_unicode_ci;
use qlbh2;
 INSERT INTO `orders` VALUES(null, '2020-05-20 00:00:00','3', 1000000);
-- ----------------------------
-- Table structure for products
-- ----------------------------
DROP TABLE IF EXISTS `products`;
CREATE TABLE `products`  (
  `ProID` int(11) UNSIGNED NOT NULL AUTO_INCREMENT,
  `ProName` varchar(50) CHARACTER SET utf8 COLLATE utf8_unicode_ci NOT NULL,
  `TinyDes` varchar(100) CHARACTER SET utf8 COLLATE utf8_unicode_ci NOT NULL,
  `FullDes` text CHARACTER SET utf8 COLLATE utf8_unicode_ci NOT NULL,
  `Price` int(11) NOT NULL,
  `CatID` int(11) NOT NULL,
  `Quantity` int(11) NOT NULL,
  PRIMARY KEY (`ProID`) USING BTREE
) ENGINE = MyISAM AUTO_INCREMENT = 31 CHARACTER SET = utf8 COLLATE = utf8_unicode_ci;

-- ----------------------------

-- ----------------------------

BEGIN;
 INSERT INTO `products` VALUES(1, 'Khóa Học Tiếng Anh Cơ Bản','Cải thiện tiếng anh nhanh chóng', 'Giúp người mất gốc lấy lại tự tin giao tiêng bằng tiếng anh', 1500000, 1, 83),
 (2, 'Khóa học tiếng anh Nâng cao', '14 1/2 Carat Created Pink Sapphire Sterling Silver Bracelet w/ Diamond Accents', '<P><STRONG>Giải pháp học tiếng anh hiệu quả</STRONG></P>\r\n<UL>\r\n    <LI>Loại hàng: Hàng trong nước</LI>\r\n</UL>\r\n', 300000, 1, 64),

(3, 'Khóa Học Tiếng Anh Dành Cho người đi làm', 'Nâng cao thu nhập nếu học giỏi tiếng anh', '<P>Khóa học được bình chọn là khóa học có số lượng người mua cao nhất P>\r\n<UL>\r\n    <LI>Kiểu sản phẩm: Khóa học</LI>\r\n    <LI>Thể loại:Sách dạy tiếng anh</LI>\r\n    <LI>Hình thức học: Online</LI>\r\n    <LI>Đơn giá: còn thuộc vào VIP</LI>\r\n</UL>\r\n', 1600000000, 1, 86) ,


(4, 'Lập trình C/C++', 'Giáo viên được các học viên bình chọn xuất xắc', '<P>Sự lựa chọn hoàn hổ dành cho người mới bắt đầu lập trình<BR>\r\nKết hợp việc dạy song song hai ngôn ngữ C/C++ giúp hiểu rõ hơn về lập trình</P>\r\n<UL>\r\n    <LI>Nhà cung cấp: Kim Đồng</LI>\r\n    <LI>Nhà Xuất bản: Hảo </LI>\r\n    <LI>Dạy theo giáo trình USA</LI>\r\n</UL>\r\n', 42000000, 2, 63),



(5, 'Lập trình java', 'Hướng Dẫn Tạo Ứng dụng java basic với Database', '<P>Sự lựa chọn hoàn hổ dành cho người mới bắt đầu lập trình<BR>\r\Giúp hiểu rõ hơn về lập trình</P>\r\n<UL>\r\n    <LI>Nhà cung cấp: Kim Đồng</LI>\r\n    <LI>Nhà Xuất bản: Hảo </LI>\r\n    <LI>Dạy theo giáo trình USA</LI>\r\n</UL>\r\n', 2900000, 2, 0),


(6, 'Lập Trình PHP', 'Demo bằng môt web bán hàng thực tế', '<UL>\r\n    <LI>Được trải nghiệm môi trường làm việc thực tế </LI>\r\n    <LI>Xuất xứ: Tp Hồ Chí Minh</LI>\r\n</UL>\r\n', 180000, 2, 62),

(7, 'Lập Trình Python', 'Áp dụng công nghệ hiện đại', '<UL>\r\n    <LI>Được trải nghiệm môi trường làm việc thực tế </LI>\r\n    <LI>Xuất xứ: Tp Hồ Chí Minh</LI>\r\n</UL>\r\n' , 2800000, 2, 15),


(8, 'Lập Trình C#', 'DEMO bằng app quản lý phòng nét', '<UL>\r\n    <LI>Được trải nghiệm môi trường làm việc thực tế </LI>\r\n    <LI>Xuất xứ: Tp Hồ Chí Minh</LI>\r\n</UL>\r\n', 270000, 2, 74),



(9, 'Cách bắt chuyện người khác', 'Cách kinh nghiệm được cách người giỏi về lĩnh vực giao tiếp lưu lại', 'Thực hành trực tiếp với cách giảng viên ', 2400000, 3, 43),(10, 'Cách Lắng nghe', 'Giúp bạn được người khác chú ý', '<UL>\r\n    <LI> Khuynh hướng ánh kim có thể thể hiện trên vàng, bạc, đỏ tía, xanh biển, vàng tím, trắng và đen.</LI>\r\n    <LI>Một số biến tấu mang tính vui nhộn là vàng chanh, màu hoa vân anh và ngọc lam; trong đó hoàng kim và nhũ bạc khá phổ biến.</LI>\r\n    <LI>Phong cách: Diềm đăng ten, rủ xuống theo chiều thẳng đứng, nhiều lớp, cổ chẻ sâu, eo chít cao tới ngực... được biến tấu tùy theo mỗi nhà thiết kế.</LI>\r\n</UL>\r\n', 2800000, 3, 80),



(11, 'Cách ứng xử khi bị chê', 'Kinh nghiệm từ các người nổi tiếng', '<UL>\r\n    <LI>Hành xử đúng đắn không bị mất lòng</LI>\r\n    <LI>Số lượng buổi học:30</LI>\r\n    <LI>Thời Gian:45p</LI>\r\n    <LI>Hình thực học: OnlineLI>\r\n    <LI>Giá bán có thể thay đổi tùy theo trọng lượng và giá vàng của từng thời điểm.</LI>\r\n</UL>\r\n', 250000, 3, 88),(12, 'Dạy con đúng cách', 'Được bác sĩ tự vấn trực tiếp khi tham gia khóa học', '<UL>\r\n    <LI>Hành xử đúng đắn với con cái</LI>\r\n    <LI>Số lượng buổi học:30</LI>\r\n    <LI>Thời Gian:45p</LI>\r\n    <LI>Hình thực học: OnlineLI>\r\n    <LI>Giá bán có thể thay đổi tùy theo trọng lượng và giá vàng của từng thời điểm.</LI>\r\n</UL>\r\n', 120000, 3, 61),(13, 'Cách bắt chuyện với khách hàng mới', 'Tạo không khí quen thuộc khi bắt chuyện với người lạ', '<P>Những đường cong tuyệt đẹp sẽ càng được phô bày khi diện các thiết kế này.</P>\r\n<UL>\r\n    <LI>Nét cắt táo bạo ở ngực giúp bạn gái thêm phần quyến rũ, ngay cả khi không có trang&nbsp; sức nào trên người.</LI>\r\n    <LI>Đầm hai dây thật điệu đà với nơ xinh trước ngực nhưng trông bạn vẫn toát lên vẻ tinh nghịch và bụi bặm nhờ thiết kế đầm bí độc đáo cùng sắc màu sẫm.</LI>\r\n    <LI>Hãng sản xuất: NEM</LI>\r\n    <LI>Kích cỡ : Tất cả các kích cỡ</LI>\r\n    <LI>Kiểu dáng : Quây/Ống</LI>\r\n    <LI>Chất liệu : Satin</LI>\r\n    <LI>Màu : đen, đỏ</LI>\r\n    <LI>Xuất xứ : Việt Nam</LI>\r\n</UL>\r\n', 2600000, 4, 92),



(14, 'Cách Ứng xử khi bị khách hàng chê mắc', 'Phương pháp chia nhỏ giá thành SP', 'Tạo không khí quen thuộc khi bắt chuyện với người lạ<UL>\r\n    <LI>Lấy cảm tỉnh từ lần đầu gặp mặt</LI>\r\n    <LI>Số lượng buổi học:30</LI>\r\n    <LI>Thời Gian:45p</LI>\r\n    <LI>Hình thực học: OnlineLI>\r\n    <LI>Giá bán có thể thay đổi tùy theo trọng lượng và giá vàng của từng thời điểm.</LI>\r\n</UL>\r\n', 1200000, 4, 0),



(15, 'Người khách Hàng tiềm năng', 'Khách hàng tiềm năng khi gặp lần đầu tiên', 'Tạo không khí quen thuộc khi bắt chuyện với người lạ<UL>\r\n    <LI>Lấy cảm tỉnh từ lần đầu gặp mặt</LI>\r\n    <LI>Số lượng buổi học:30</LI>\r\n    <LI>Thời Gian:45p</LI>\r\n    <LI>Hình thực học: OnlineLI>\r\n    <LI>Giá bán có thể thay đổi tùy theo trọng lượng và giá vàng của từng thời điểm.</LI>\r\n</UL>\r\n', 1925000, 4, 22),



 (16, 'Kĩ năng seller chuyên nghiệp', 'Tăng trình độ bán hàng từ cơ bản đến nâng cao', '<UL>\r\n    <LI>Camera mega pixel : 2 mega pixel</LI>\r\n    <LI>Bộ nhớ trong : 16 - 31 mb</LI>\r\n    <LI>Chức năng : quay phim, ghi âm, nghe đài FM</LI>\r\n    <LI>Hỗ trợ: Bluetooth, thẻ nhớ nài, nhạc MP3 &lt;br/&gt;</LI>\r\n    <LI>Trọng lượng (g) : 124g</LI>\r\n    <LI>Kích thước (mm) : 109 x 53 x 21.8 mm</LI>\r\n    <LI>Ngôn ngữ : Có tiếng việt</LI>\r\n    <LI>Hệ điều hành: Symbian OS 8.1</LI>\r\n</UL>\r\n', 3200000, 4, 81),


 
 
  (17, 'Khóa học Photoshop', 'Kĩ năng thiết kế chuyên nghiệp với PTS', '<UL>\r\n    <LI>Kiểu sản phẩm:&nbsp; Mặt dây</LI>\r\n    <LI>Chất liệu: Vàng trắng 14K, nguyên liệu và công nghệ Italy...</LI>\r\n    <LI>Trọng lượng chất liệu: 0.32 Chỉ</LI>\r\n</UL>\r\n', 1820000, 5, 33),




 (18, 'Khóa Học AI', 'Sử dụng thành thạo AI sau 1 tuần', '<UL>\r\n    <LI>Brand Name: Ice.com</LI>\r\n    <LI>Material Type: sterling-silver, created-sapphire, diamond</LI>\r\n    <LI>Gem Type: created-sapphire, Diamond</LI>\r\n    <LI>Minimum total gem weight: 14.47 carats</LI>\r\n    <LI>Total metal weight: 15 Grams</LI>\r\n    <LI>Number of stones: 28</LI>\r\n    <LI>Created-sapphire Information</LI>\r\n    <LI>Minimum color: Not Available</LI>\r\n</UL>\r\n', 3400000, 5, 10),



 (19, 'Khóa học Premiere', 'Dựng video theo ý tưởng của bản thân bạn', '<UL>\r\n    <LI>Kiểu sản phẩm:&nbsp; Dây chuyền</LI>\r\n    <LI>Chất liệu: Vàng tây 18K, nguyên liệu và công nghệ Italy...</LI>\r\n    <LI>Trọng lượng chất liệu: 1 Chỉ</LI>\r\n</UL>\r\n', 1820000, 5, 17),


 (20, 'Khóa Học vẽ 3D', 'Dựng những mô hình chuyện nghiệp', '<UL>\r\n    <LI>Loại hàng: Hàng trong nước</LI>\r\n    <LI>Xuất xứ: Tp Hồ Chí Minh</LI>\r\n    <LI>Giá: 300 000 VNĐ</LI>\r\n</UL>\r\n', 540000, 5, 0),


 
 
 (21, 'Dạy Cách tôn trọng người khác', 'Sang trọng', '<UL>\r\n    <LI>Loại hàng: Hàng trong nước</LI>\r\n    <LI>Xuất xứ: Tp Hồ Chí Minh</LI>\r\n</UL>\r\n', 300000, 6, 74),


 
 (22, 'Phong cách sống của người thành công', 'Kiểu dáng thanh thoát', '<UL>\r\n    <LI>Loại hàng: Hàng trong nước</LI>\r\n    <LI>Xuất xứ: Tp Hồ Chí Minh</LI>\r\n</UL>\r\n', 290000, 6, 30),


 
 
 (23, 'Sống để không cảm thấy ổng phí', 'Kiểu dáng độc đáo', '<P><STRONG>Thông tin sản phẩm</STRONG></P>\r\n<UL>\r\n    <LI>Mã sản phẩm: NV002</LI>\r\n    <LI>Trọng lượng: 2 chỉ</LI>\r\n    <LI>Vật liệu chính: Vàng 24K</LI>\r\n</UL>\r\n', 3600000, 6, 5),


 (24, 'Hãy cảm ơn thay vì xin lỗi', 'Sáng chói - mới lạ', '<P><STRONG>Thông tin sản phẩm</STRONG></P>\r\n<UL>\r\n    <LI>Mã sản phẩm: NV005</LI>\r\n    <LI>Trọng lượng: 1 cây</LI>\r\n    <LI>Vật liệu chính: Vàng 24K</LI>\r\n</UL>\r\n', 14900000, 6, 22),

 
 
 (25, 'CK010', 'Độc đáo, sang trọng', '<UL>\r\n    <LI>Kiểu dáng nam tính và độc đáo, những thiết kế dưới đây đáp ứng được mọi yêu cần khó tính nhất của người sở hữu.</LI>\r\n    <LI>Những hạt kim cương sẽ giúp người đeo nó tăng thêm phần sành điệu</LI>\r\n    <LI>Không chỉ có kiểu dáng truyền thống chỉ có một hạt kim cương ở giữa, các nhà thiết kế đã tạo những những chiếc nhẫn vô cùng độc đáo và tinh tế.</LI>\r\n    <LI>Tuy nhiên, giá của đồ trang sức này thì chỉ có dân chơi mới có thể kham được</LI>\r\n</UL>\r\n', 2147483647, 7, 52),


 (26, 'CK009', 'Nữ tính - đầy quí phái', '<UL>\r\n    <LI>Để sở hữu một chiếc nhẫn kim cương lấp lánh trên tay, bạn phải là người chịu chi và sành điệu.</LI>\r\n    <LI>Với sự kết hợp khéo léo và độc đáo giữa kim cương và Saphia, Ruby... những chiếc nhẫn càng trở nên giá trị</LI>\r\n    <LI>Nhà sản xuất: Torrini</LI>\r\n</UL>\r\n<P>Cái này rất phù hợp cho bạn khi tặng nàng</P>\r\n', 1850000000, 7, 11),

 (27, 'CK007', 'Sự kết hợp khéo léo, độc đáo', '<UL>\r\n    <LI>Để sở hữu một chiếc nhẫn kim cương lấp lánh trên tay, bạn phải là người chịu chi và sành điệu.</LI>\r\n    <LI>Với sự kết hợp khéo léo và độc đáo giữa kim cương và Saphia, Ruby... những chiếc nhẫn càng trở nên giá trị</LI>\r\n    <LI>Nhà sản xuất: Torrini</LI>\r\n</UL>\r\n<P>Cái này rất phù hợp cho bạn khi tặng nàng</P>\r\n', 2147483647, 7, 28),

 (28, 'CK005', 'Tinh xảo - sang trọng', '<UL>\r\n    <LI>Kim cương luôn là đồ trang sức thể hiện đẳng cấp của người sử dụng.</LI>\r\n    <LI>Không phải nói nhiều về những kiểu nhẫn dưới đây, chỉ có thể gói gọn trong cụm từ: tinh xảo và sang trọng</LI>\r\n    <LI>Thông tin nhà sản xuất: Torrini</LI>\r\n    <LI>Thông tin chi tiết: Cái này rất phù hợp cho bạn khi tặng nàng</LI>\r\n</UL>\r\n', 1800000000, 7, 29),

 (29, 'NV01TT', 'Tinh tế đến không ngờ', '<UL>\r\n    <LI>Tinh xảo và sang trọng</LI>\r\n    <LI>Thông tin nhà sản xuất: Torrini</LI>\r\n    <LI>Không chỉ có kiểu dáng truyền thống chỉ có một hạt kim cương ở giữa, các nhà thiết kế đã tạo những những chiếc nhẫn vô cùng độc đáo và tinh tế.</LI>\r\n    <LI>Tuy nhiên, giá của đồ trang sức này thì chỉ có dân chơi mới có thể kham được</LI>\r\n</UL>\r\n', 500000000, 7, 49),


 (30, 'Motorola W377', 'Nữ tính - trẻ trung', '<UL>\r\n    <LI>General: 2G Network, GSM 900 / 1800 / 1900</LI>\r\n    <LI>Size:&nbsp; 99 x 45 x 18.6 mm, 73 cc</LI>\r\n    <LI>Weight: 95 g</LI>\r\n    <LI>Display: type TFT, 65K colors</LI>\r\n    <LI>Size: 128 x 160 pixels, 28 x 35 mm</LI>\r\n</UL>\r\n', 2400000, 7, 0),

(31, 'Ngữ Pháp Tiếng anh thông dụng', 'Tài liệu đạt chuẩn quốc tế', '<UL>\r\n    <LI>Loại hàng: Hàng trong nước</LI>\r\n    <LI>Xuất xứ: Tp Hồ Chí Minh</LI>\r\n</UL>\r\n', 300000, 1, 74);
commit;







--------------------
-- Table structure for users
-- ----------------------------
DROP TABLE IF EXISTS `users`;
CREATE TABLE `users` (
    `id` INT AUTO_INCREMENT,
    `f_Username` VARCHAR (50) CHARACTER 
			SET utf8 COLLATE utf8_unicode_ci NOT NULL,
    `f_Password` VARCHAR (255) CHARACTER 
			SET utf8 COLLATE utf8_unicode_ci NOT NULL,
    `f_Name` VARCHAR (50) CHARACTER 
			SET utf8 COLLATE utf8_unicode_ci NOT NULL,
    `f_Email` VARCHAR (50) CHARACTER 
			SET utf8 COLLATE utf8_unicode_ci NOT NULL,
    `f_DOB` datetime NOT NULL,
    `f_phone` int NOT NULL,
    `f_address` nvarchar(50) NOT NULL,
    `f_Permission` INT NOT NULL,
    `f_Evaluate` float,
    PRIMARY KEY (`id`) USING BTREE
  ) ENGINE = MyISAM AUTO_INCREMENT = 1 CHARACTER 
		SET = utf8 COLLATE = utf8_unicode_ci;
SET
  FOREIGN_KEY_CHECKS = 1;
  begin;
#tài khoản admin:admin7 với pass 123456789; 
INSERT INTO `qlbh2`.`users` (`id`, `f_Username`, `f_Password`, `f_Name`, `f_Email`, `f_DOB`, `f_phone`, `f_address`, `f_Permission`, `f_Evaluate`) VALUES ('1', 'admin', '$2a$10$QtsLkdhACTWDbAALBM6OX.OnPNhmYDcptzuxfiiGlyPkuUY6Z2eOS', 'admin7', 'admin7@gmail.com', '2020-05-20 00:00:00', '77777777', 'Hoa Kỳ', '1', '0')

#tài khoản user:huuhao1999 với pass 123456789
, ('2', 'huuhao1999', '$2a$10$QtsLkdhACTWDbAALBM6OX.OnPNhmYDcptzuxfiiGlyPkuUY6Z2eOS', 'hao', 'vvanhong@gmail.com', '2020-05-20 00:00:00', '967023427', 'thu duc', '0', '0');
commit;


DROP TABLE IF EXISTS `orders`;
CREATE TABLE `orders`  (
  `OrderID` int(11) UNSIGNED NOT NULL AUTO_INCREMENT,
  `OrderDate` datetime(0) NOT NULL,
  `UserID` int(11) NOT NULL,
  `Total` bigint(20) NOT NULL,
  PRIMARY KEY (`OrderID`) USING BTREE
) ENGINE = MyISAM AUTO_INCREMENT = 1 CHARACTER SET = utf8 COLLATE = utf8_unicode_ci;

DROP TABLE IF EXISTS `orderdetails`;
CREATE TABLE `orderdetails`  (
  `ID` int(11) UNSIGNED NOT NULL AUTO_INCREMENT,
  `OrderID` int(11) NOT NULL,
  `ProID` int(11) NOT NULL,
  `Quantity` int(11) NOT NULL,
  `Price` bigint(20) NOT NULL,
  `Amount` int(11) NOT NULL,
  PRIMARY KEY (`ID`) USING BTREE
) ENGINE = MyISAM AUTO_INCREMENT = 1 CHARACTER SET = utf8 COLLATE = utf8_unicode_ci;

BEGIN;
INSERT `orderdetails` VALUES (1, 1, 1, 3, 411787, 1235361)
  ,(2, 2, 2, 2, 280666, 561332)
  ,(3, 3, 3, 7, 231071, 1617497)
  ,(4, 4, 4, 8, 490998, 3927984)
  ,(5, 5, 5, 9, 233349, 2100141)
  ,(6, 6, 6, 1, 470332, 470332)
  ,(7, 7, 7, 1, 303325, 303325)
  ,(8, 8, 8, 7, 169497, 1186479)
  ,(9, 9, 9, 1, 163327, 163327)
  ,(10, 10, 10, 10, 239933, 2399330)
  ,(11, 11, 11, 10, 360356, 3603560)
  ,(12, 12, 12, 3, 116705, 350115)
  ,(13, 13, 13, 7, 232939, 1630573)
  ,(14, 14, 14, 8, 216771, 1734168)
  ,(15, 15, 15, 9, 321292, 2891628)
  ,(16, 16, 16, 5, 115139, 575695)
  ,(17, 17, 17, 6, 496598, 2979588)
  ,(18, 18, 18, 8, 241862, 1934896)
  ,(19, 19, 19, 5, 302215, 1511075)
  ,(20, 20, 20, 10, 244484, 2444840)
  ,(21, 21, 21, 3, 263128, 789384)
  ,(22, 22, 22, 9, 121670, 1095030)
  ,(23, 23, 23, 6, 391621, 2349726)
  ,(24, 24, 24, 9, 164075, 1476675)
  ,(25, 25, 25, 4, 279926, 1119704)
  ,(26, 26, 26, 1, 387368, 387368)
  ,(27, 27, 27, 10, 408961, 4089610)
  ,(28, 28, 28, 1, 357841, 357841)
  ,(29, 29, 29, 3, 297510, 892530)
  ,(30, 30, 30, 2, 496308, 992616)
  ,(31, 31, 31, 4, 380737, 1522948)
  ,(32, 32, 1, 10, 194216, 1942160)
  ,(33, 33, 2, 3, 372244, 1116732)
  ,(34, 34, 3, 8, 404458, 3235664)
  ,(35, 35, 4, 3, 339329, 1017987)
  ,(36, 36, 5, 3, 225778, 677334)
  ,(37, 37, 6, 8, 329392, 2635136)
  ,(38, 38, 7, 3, 484716, 1454148)
  ,(39, 39, 8, 3, 256042, 768126)
  ,(40, 40, 9, 1, 363608, 363608)
  ,(41, 41, 10, 10, 378625, 3786250)
  ,(42, 42, 11, 1, 227551, 227551)
  ,(43, 43, 12, 8, 214305, 1714440)
  ,(44, 44, 13, 5, 342418, 1712090)
  ,(45, 45, 14, 4, 462274, 1849096)
  ,(46, 46, 15, 3, 137048, 411144)
  ,(47, 47, 16, 8, 133876, 1071008)
  ,(48, 48, 17, 6, 324700, 1948200)
  ,(49, 49, 18, 5, 330383, 1651915)
  ,(50, 50, 19, 10, 136571, 1365710)
  ,(51, 51, 20, 8, 436985, 3495880)
  ,(52, 52, 21, 6, 115517, 693102)
  ,(53, 53, 22, 10, 390628, 3906280)
  ,(54, 54, 23, 8, 467694, 3741552)
  ,(55, 55, 24, 9, 112402, 1011618)
  ,(56, 56, 25, 5, 390116, 1950580)
  ,(57, 57, 26, 6, 389045, 2334270)
  ,(58, 58, 27, 9, 166995, 1502955)
  ,(59, 59, 28, 5, 311071, 1555355)
  ,(60, 60, 29, 9, 345982, 3113838)
  ,(61, 61, 30, 2, 161371, 322742)
  ,(62, 62, 31, 1, 445484, 445484)
  ,(63, 63, 1, 5, 371988, 1859940)
  ,(64, 64, 2, 9, 167019, 1503171)
  ,(65, 65, 3, 7, 359196, 2514372)
  ,(66, 66, 4, 10, 266139, 2661390)
  ,(67, 67, 5, 10, 244462, 2444620)
  ,(68, 68, 6, 10, 328481, 3284810)
  ,(69, 69, 7, 6, 377443, 2264658)
  ,(70, 70, 8, 6, 195514, 1173084)
  ,(71, 71, 9, 7, 285747, 2000229)
  ,(72, 72, 10, 3, 111881, 335643)
  ,(73, 73, 11, 6, 485821, 2914926)
  ,(74, 74, 12, 4, 438608, 1754432)
  ,(75, 75, 13, 1, 365860, 365860)
  ,(76, 76, 14, 3, 135577, 406731)
  ,(77, 77, 15, 1, 407365, 407365)
  ,(78, 78, 16, 1, 149203, 149203)
  ,(79, 79, 17, 5, 201802, 1009010)
  ,(80, 80, 18, 2, 242878, 485756)
  ,(81, 81, 19, 4, 353491, 1413964)
  ,(82, 82, 20, 4, 184261, 737044)
  ,(83, 83, 21, 6, 127457, 764742)
  ,(84, 84, 22, 3, 260939, 782817)
  ,(85, 85, 23, 5, 159322, 796610)
  ,(86, 86, 24, 8, 365220, 2921760)
  ,(87, 87, 25, 10, 303588, 3035880)
  ,(88, 88, 26, 6, 404551, 2427306)
  ,(89, 89, 27, 10, 392055, 3920550)
  ,(90, 90, 28, 9, 449214, 4042926)
  ,(91, 91, 29, 7, 336733, 2357131)
  ,(92, 92, 30, 10, 262397, 2623970)
  ,(93, 93, 31, 9, 273644, 2462796)
  ,(94, 94, 1, 5, 410060, 2050300)
  ,(95, 95, 2, 10, 302237, 3022370)
  ,(96, 96, 3, 9, 433141, 3898269)
  ,(97, 97, 4, 6, 355564, 2133384)
  ,(98, 98, 5, 9, 147286, 1325574)
  ,(99, 99, 6, 9, 483222, 4348998)
  ,(100, 100, 7, 5, 296134, 1480670)
  ,(101, 101, 8, 3, 392586, 1177758)
  ,(102, 102, 9, 9, 305396, 2748564)
  ,(103, 103, 10, 1, 447257, 447257)
  ,(104, 104, 11, 9, 234869, 2113821)
  ,(105, 105, 12, 3, 350824, 1052472)
  ,(106, 106, 13, 5, 425103, 2125515)
  ,(107, 107, 14, 1, 129697, 129697)
  ,(108, 108, 15, 7, 452021, 3164147)
  ,(109, 109, 16, 7, 201833, 1412831)
  ,(110, 110, 17, 6, 476826, 2860956)
  ,(111, 111, 18, 4, 482751, 1931004)
  ,(112, 112, 19, 6, 339841, 2039046)
  ,(113, 113, 20, 4, 465193, 1860772)
  ,(114, 114, 21, 3, 168193, 504579)
  ,(115, 115, 22, 5, 492492, 2462460)
  ,(116, 116, 23, 8, 477111, 3816888)
  ,(117, 117, 24, 5, 418026, 2090130)
  ,(118, 118, 25, 2, 211048, 422096)
  ,(119, 119, 26, 4, 107696, 430784)
  ,(120, 120, 27, 10, 493977, 4939770)
  ,(121, 121, 28, 10, 462552, 4625520)
  ,(122, 122, 29, 5, 339912, 1699560)
  ,(123, 123, 30, 1, 436426, 436426)
  ,(124, 124, 31, 8, 428230, 3425840)
  ,(125, 125, 1, 10, 358781, 3587810)
  ,(126, 126, 2, 8, 123349, 986792)
  ,(127, 127, 3, 5, 338238, 1691190)
  ,(128, 128, 4, 2, 175760, 351520)
  ,(129, 129, 5, 5, 236371, 1181855)
  ,(130, 130, 6, 2, 432719, 865438)
  ,(131, 131, 7, 7, 280014, 1960098)
  ,(132, 132, 8, 3, 360079, 1080237)
  ,(133, 133, 9, 3, 165981, 497943)
  ,(134, 134, 10, 10, 405669, 4056690)
  ,(135, 135, 11, 10, 350292, 3502920)
  ,(136, 136, 12, 5, 148095, 740475)
  ,(137, 137, 13, 4, 237004, 948016)
  ,(138, 138, 14, 7, 392589, 2748123)
  ,(139, 139, 15, 10, 410115, 4101150)
  ,(140, 140, 16, 1, 234220, 234220)
  ,(141, 141, 17, 7, 335523, 2348661)
  ,(142, 142, 18, 4, 351568, 1406272)
  ,(143, 143, 19, 9, 302717, 2724453)
  ,(144, 144, 20, 4, 415230, 1660920)
  ,(145, 145, 21, 5, 466463, 2332315)
  ,(146, 146, 22, 2, 496893, 993786)
  ,(147, 147, 23, 6, 297205, 1783230)
  ,(148, 148, 24, 6, 205451, 1232706)
  ,(149, 149, 25, 10, 417569, 4175690)
  ,(150, 150, 26, 2, 325126, 650252)
  ,(151, 151, 27, 5, 115114, 575570)
  ,(152, 152, 28, 4, 244515, 978060)
  ,(153, 153, 29, 5, 139589, 697945)
  ,(154, 154, 30, 10, 489246, 4892460)
  ,(155, 155, 31, 5, 333583, 1667915)
  ,(156, 156, 1, 9, 152674, 1374066)
  ,(157, 157, 2, 9, 368970, 3320730)
  ,(158, 158, 3, 4, 119027, 476108)
  ,(159, 159, 4, 10, 376089, 3760890)
  ,(160, 160, 5, 6, 327475, 1964850)
  ,(161, 161, 6, 1, 186865, 186865)
  ,(162, 162, 7, 10, 453937, 4539370)
  ,(163, 163, 8, 2, 315650, 631300)
  ,(164, 164, 9, 6, 269114, 1614684)
  ,(165, 165, 10, 10, 296811, 2968110)
  ,(166, 166, 11, 2, 222671, 445342)
  ,(167, 167, 12, 4, 273859, 1095436)
  ,(168, 168, 13, 4, 159523, 638092)
  ,(169, 169, 14, 4, 317901, 1271604)
  ,(170, 170, 15, 10, 444397, 4443970)
  ,(171, 171, 16, 5, 340106, 1700530)
  ,(172, 172, 17, 9, 125437, 1128933)
  ,(173, 173, 18, 3, 300934, 902802)
  ,(174, 174, 19, 4, 373477, 1493908)
  ,(175, 175, 20, 3, 258453, 775359)
  ,(176, 176, 21, 7, 210983, 1476881)
  ,(177, 177, 22, 6, 137195, 823170)
  ,(178, 178, 23, 7, 121196, 848372)
  ,(179, 179, 24, 3, 461767, 1385301)
  ,(180, 180, 25, 8, 361888, 2895104)
  ,(181, 181, 26, 2, 326145, 652290)
  ,(182, 182, 27, 9, 232786, 2095074)
  ,(183, 183, 28, 2, 258192, 516384)
  ,(184, 184, 29, 3, 411245, 1233735)
  ,(185, 185, 30, 8, 417604, 3340832)
  ,(186, 186, 31, 3, 135499, 406497)
  ,(187, 187, 1, 8, 320490, 2563920)
  ,(188, 188, 2, 3, 176736, 530208)
  ,(189, 189, 3, 6, 172086, 1032516)
  ,(190, 190, 4, 2, 297618, 595236)
  ,(191, 191, 5, 7, 279125, 1953875)
  ,(192, 192, 6, 1, 217976, 217976)
  ,(193, 193, 7, 7, 116499, 815493)
  ,(194, 194, 8, 5, 182640, 913200)
  ,(195, 195, 9, 1, 147354, 147354)
  ,(196, 196, 10, 8, 381586, 3052688)
  ,(197, 197, 11, 2, 135918, 271836)
  ,(198, 198, 12, 4, 133602, 534408)
  ,(199, 199, 13, 4, 218418, 873672)
  ,(200, 200, 14, 4, 343791, 1375164)
  ,(201, 201, 15, 9, 323033, 2907297)
  ,(202, 202, 16, 2, 237681, 475362)
  ,(203, 203, 17, 3, 387550, 1162650)
  ,(204, 204, 18, 10, 473173, 4731730)
  ,(205, 205, 19, 8, 485020, 3880160)
  ,(206, 206, 20, 6, 489678, 2938068)
  ,(207, 207, 21, 2, 443581, 887162)
  ,(208, 208, 22, 2, 266113, 532226)
  ,(209, 209, 23, 8, 330792, 2646336)
  ,(210, 210, 24, 9, 222599, 2003391)
  ,(211, 211, 25, 3, 115479, 346437)
  ,(212, 212, 26, 2, 347773, 695546)
  ,(213, 213, 27, 1, 157261, 157261)
  ,(214, 214, 28, 3, 114200, 342600)
  ,(215, 215, 29, 4, 101329, 405316)
  ,(216, 216, 30, 2, 454079, 908158)
  ,(217, 217, 31, 9, 295744, 2661696)
  ,(218, 218, 1, 10, 404405, 4044050)
  ,(219, 219, 2, 8, 351510, 2812080)
  ,(220, 220, 3, 7, 261312, 1829184)
  ,(221, 221, 4, 4, 402182, 1608728)
  ,(222, 222, 5, 1, 197123, 197123)
  ,(223, 223, 6, 9, 487438, 4386942)
  ,(224, 224, 7, 3, 120283, 360849)
  ,(225, 225, 8, 4, 265271, 1061084)
  ,(226, 226, 9, 4, 222130, 888520)
  ,(227, 227, 10, 2, 108937, 217874)
  ,(228, 228, 11, 9, 218294, 1964646)
  ,(229, 229, 12, 4, 326122, 1304488)
  ,(230, 230, 13, 6, 376868, 2261208)
  ,(231, 231, 14, 5, 175065, 875325)
  ,(232, 232, 15, 2, 103592, 207184)
  ,(233, 233, 16, 4, 402778, 1611112)
  ,(234, 234, 17, 10, 217975, 2179750)
  ,(235, 235, 18, 10, 138855, 1388550)
  ,(236, 236, 19, 1, 188464, 188464)
  ,(237, 237, 20, 6, 345236, 2071416)
  ,(238, 238, 21, 3, 285019, 855057)
  ,(239, 239, 22, 6, 426225, 2557350)
  ,(240, 240, 23, 2, 427927, 855854)
  ,(241, 241, 24, 1, 191918, 191918)
  ,(242, 242, 25, 7, 154376, 1080632)
  ,(243, 243, 26, 6, 345944, 2075664)
  ,(244, 244, 27, 7, 449488, 3146416)
  ,(245, 245, 28, 9, 282138, 2539242)
  ,(246, 246, 29, 6, 431352, 2588112)
  ,(247, 247, 30, 1, 160715, 160715)
  ,(248, 248, 31, 5, 102298, 511490)
  ,(249, 249, 1, 1, 181310, 181310)
  ,(250, 250, 2, 9, 193275, 1739475)
  ,(251, 251, 3, 10, 185841, 1858410)
  ,(252, 252, 4, 3, 231513, 694539)
  ,(253, 253, 5, 7, 282092, 1974644)
  ,(254, 254, 6, 7, 457106, 3199742)
  ,(255, 255, 7, 10, 441609, 4416090)
  ,(256, 256, 8, 9, 225909, 2033181)
  ,(257, 257, 9, 3, 250243, 750729)
  ,(258, 258, 10, 10, 367267, 3672670)
  ,(259, 259, 11, 7, 307902, 2155314)
  ,(260, 260, 12, 4, 362890, 1451560)
  ,(261, 261, 13, 4, 480740, 1922960)
  ,(262, 262, 14, 4, 325287, 1301148)
  ,(263, 263, 15, 8, 439991, 3519928)
  ,(264, 264, 16, 2, 453925, 907850)
  ,(265, 265, 17, 5, 147533, 737665)
  ,(266, 266, 18, 2, 111886, 223772)
  ,(267, 267, 19, 9, 444996, 4004964)
  ,(268, 268, 20, 1, 439286, 439286)
  ,(269, 269, 21, 3, 475345, 1426035)
  ,(270, 270, 22, 4, 412866, 1651464)
  ,(271, 271, 23, 6, 208842, 1253052)
  ,(272, 272, 24, 6, 110724, 664344)
  ,(273, 273, 25, 5, 478181, 2390905)
  ,(274, 274, 26, 6, 423584, 2541504)
  ,(275, 275, 27, 6, 169394, 1016364)
  ,(276, 276, 28, 8, 347805, 2782440)
  ,(277, 277, 29, 5, 351179, 1755895)
  ,(278, 278, 30, 2, 137950, 275900)
  ,(279, 279, 31, 5, 338145, 1690725)
  ,(280, 280, 1, 8, 333919, 2671352)
  ,(281, 281, 2, 4, 161415, 645660)
  ,(282, 282, 3, 8, 106638, 853104)
  ,(283, 283, 4, 8, 136984, 1095872)
  ,(284, 284, 5, 6, 232846, 1397076)
  ,(285, 285, 6, 7, 291026, 2037182)
  ,(286, 286, 7, 2, 443553, 887106)
  ,(287, 287, 8, 6, 321501, 1929006)
  ,(288, 288, 9, 7, 445673, 3119711)
  ,(289, 289, 10, 10, 276366, 2763660)
  ,(290, 290, 11, 2, 412946, 825892)
  ,(291, 291, 12, 8, 438221, 3505768)
  ,(292, 292, 13, 7, 477970, 3345790)
  ,(293, 293, 14, 6, 477118, 2862708)
  ,(294, 294, 15, 2, 163334, 326668)
  ,(295, 295, 16, 8, 447187, 3577496)
  ,(296, 296, 17, 8, 366632, 2933056)
  ,(297, 297, 18, 9, 214386, 1929474)
  ,(298, 298, 19, 4, 392020, 1568080)
  ,(299, 299, 20, 3, 401954, 1205862)
  ,(300, 300, 21, 7, 270252, 1891764)
  ,(301, 301, 22, 8, 486357, 3890856)
  ,(302, 302, 23, 10, 221429, 2214290)
  ,(303, 303, 24, 2, 126954, 253908)
  ,(304, 304, 25, 8, 268444, 2147552)
  ,(305, 305, 26, 3, 484433, 1453299)
  ,(306, 306, 27, 4, 175116, 700464)
  ,(307, 307, 28, 9, 253332, 2279988)
  ,(308, 308, 29, 1, 358508, 358508)
  ,(309, 309, 30, 1, 387711, 387711)
  ,(310, 310, 31, 3, 193804, 581412)
  ,(311, 311, 1, 4, 374731, 1498924)
  ,(312, 312, 2, 2, 212293, 424586)
  ,(313, 313, 3, 6, 129121, 774726)
  ,(314, 314, 4, 9, 473983, 4265847)
  ,(315, 315, 5, 10, 301475, 3014750)
  ,(316, 316, 6, 7, 474101, 3318707)
  ,(317, 317, 7, 7, 288302, 2018114)
  ,(318, 318, 8, 3, 307144, 921432)
  ,(319, 319, 9, 6, 262899, 1577394)
  ,(320, 320, 10, 3, 203981, 611943)
  ,(321, 321, 11, 6, 290386, 1742316)
  ,(322, 322, 12, 2, 499323, 998646)
  ,(323, 323, 13, 1, 262919, 262919)
  ,(324, 324, 14, 2, 162398, 324796)
  ,(325, 325, 15, 6, 474646, 2847876)
  ,(326, 326, 16, 10, 230873, 2308730)
  ,(327, 327, 17, 1, 133607, 133607)
  ,(328, 328, 18, 3, 414846, 1244538)
  ,(329, 329, 19, 9, 476397, 4287573)
  ,(330, 330, 20, 9, 302763, 2724867)
  ,(331, 331, 21, 9, 233419, 2100771)
  ,(332, 332, 22, 1, 459160, 459160)
  ,(333, 333, 23, 10, 235996, 2359960)
  ,(334, 334, 24, 8, 167893, 1343144)
  ,(335, 335, 25, 1, 347562, 347562)
  ,(336, 336, 26, 5, 439986, 2199930)
  ,(337, 337, 27, 6, 479685, 2878110)
  ,(338, 338, 28, 10, 368540, 3685400)
  ,(339, 339, 29, 3, 248414, 745242)
  ,(340, 340, 30, 4, 215909, 863636)
  ,(341, 341, 31, 4, 290220, 1160880)
  ,(342, 342, 1, 6, 462993, 2777958)
  ,(343, 343, 2, 7, 157961, 1105727)
  ,(344, 344, 3, 8, 182562, 1460496)
  ,(345, 345, 4, 8, 138215, 1105720)
  ,(346, 346, 5, 7, 325927, 2281489)
  ,(347, 347, 6, 1, 448848, 448848)
  ,(348, 348, 7, 8, 103135, 825080)
  ,(349, 349, 8, 2, 361860, 723720)
  ,(350, 350, 9, 2, 473087, 946174)
  ,(351, 351, 10, 2, 178329, 356658)
  ,(352, 352, 11, 7, 407243, 2850701)
  ,(353, 353, 12, 9, 229121, 2062089)
  ,(354, 354, 13, 10, 297973, 2979730)
  ,(355, 355, 14, 2, 479866, 959732)
  ,(356, 356, 15, 6, 487034, 2922204)
  ,(357, 357, 16, 9, 458510, 4126590)
  ,(358, 358, 17, 10, 464556, 4645560)
  ,(359, 359, 18, 3, 293799, 881397)
  ,(360, 360, 19, 3, 353560, 1060680)
  ,(361, 361, 20, 3, 141509, 424527)
  ,(362, 362, 21, 6, 338487, 2030922)
  ,(363, 363, 22, 3, 382112, 1146336)
  ,(364, 364, 23, 3, 184948, 554844)
  ,(365, 365, 24, 5, 460385, 2301925)
  ,(366, 366, 25, 3, 415571, 1246713)
  ,(367, 367, 26, 2, 476297, 952594)
  ,(368, 368, 27, 8, 461229, 3689832)
  ,(369, 369, 28, 8, 226420, 1811360)
  ,(370, 370, 29, 6, 361490, 2168940)
  ,(371, 371, 30, 1, 494416, 494416)
  ,(372, 372, 31, 7, 419763, 2938341)
  ,(373, 373, 1, 10, 158730, 1587300)
  ,(374, 374, 2, 3, 146989, 440967)
  ,(375, 375, 3, 10, 413761, 4137610)
  ,(376, 376, 4, 1, 327393, 327393)
  ,(377, 377, 5, 6, 441362, 2648172)
  ,(378, 378, 6, 4, 180357, 721428)
  ,(379, 379, 7, 4, 124183, 496732)
  ,(380, 380, 8, 9, 248718, 2238462)
  ,(381, 381, 9, 9, 282025, 2538225)
  ,(382, 382, 10, 3, 130472, 391416)
  ,(383, 383, 11, 2, 152986, 305972)
  ,(384, 384, 12, 7, 103310, 723170)
  ,(385, 385, 13, 8, 224434, 1795472)
  ,(386, 386, 14, 2, 326177, 652354)
  ,(387, 387, 15, 3, 330038, 990114)
  ,(388, 388, 16, 10, 438024, 4380240)
  ,(389, 389, 17, 7, 188027, 1316189)
  ,(390, 390, 18, 5, 360528, 1802640)
  ,(391, 391, 19, 7, 481476, 3370332)
  ,(392, 392, 20, 6, 115129, 690774)
  ,(393, 393, 21, 8, 174741, 1397928)
  ,(394, 394, 22, 1, 394854, 394854)
  ,(395, 395, 23, 1, 174399, 174399)
  ,(396, 396, 24, 8, 451734, 3613872)
  ,(397, 397, 25, 4, 180881, 723524)
  ,(398, 398, 26, 4, 473013, 1892052)
  ,(399, 399, 27, 4, 222177, 888708)
  ,(400, 400, 28, 5, 222644, 1113220)
  ,(401, 401, 29, 5, 349630, 1748150)
  ,(402, 402, 30, 4, 487620, 1950480)
  ,(403, 403, 31, 10, 376715, 3767150)
  ,(404, 404, 1, 7, 100370, 702590)
  ,(405, 405, 2, 1, 478671, 478671)
  ,(406, 406, 3, 6, 258567, 1551402)
  ,(407, 407, 4, 8, 348512, 2788096)
  ,(408, 408, 5, 6, 182131, 1092786)
  ,(409, 409, 6, 1, 384212, 384212)
  ,(410, 410, 7, 1, 252473, 252473)
  ,(411, 411, 8, 1, 145672, 145672)
  ,(412, 412, 9, 5, 378153, 1890765)
  ,(413, 413, 10, 7, 440373, 3082611)
  ,(414, 414, 11, 4, 145081, 580324)
  ,(415, 415, 12, 4, 171534, 686136)
  ,(416, 416, 13, 1, 111037, 111037)
  ,(417, 417, 14, 5, 285501, 1427505)
  ,(418, 418, 15, 6, 378801, 2272806)
  ,(419, 419, 16, 6, 460515, 2763090)
  ,(420, 420, 17, 3, 234208, 702624)
  ,(421, 421, 18, 1, 185532, 185532)
  ,(422, 422, 19, 2, 138273, 276546)
  ,(423, 423, 20, 2, 373202, 746404)
  ,(424, 424, 21, 4, 365893, 1463572)
  ,(425, 425, 22, 10, 380014, 3800140)
  ,(426, 426, 23, 6, 479286, 2875716)
  ,(427, 427, 24, 9, 345022, 3105198)
  ,(428, 428, 25, 9, 263876, 2374884)
  ,(429, 429, 26, 3, 472591, 1417773)
  ,(430, 430, 27, 3, 462028, 1386084)
  ,(431, 431, 28, 7, 246512, 1725584)
  ,(432, 432, 29, 2, 468349, 936698)
  ,(433, 433, 30, 1, 458180, 458180)
  ,(434, 434, 31, 10, 401539, 4015390)
  ,(435, 435, 1, 5, 399088, 1995440)
  ,(436, 436, 2, 6, 294406, 1766436)
  ,(437, 437, 3, 4, 253757, 1015028)
  ,(438, 438, 4, 5, 152615, 763075)
  ,(439, 439, 5, 7, 124639, 872473)
  ,(440, 440, 6, 2, 465867, 931734)
  ,(441, 441, 7, 5, 477665, 2388325)
  ,(442, 442, 8, 7, 247907, 1735349)
  ,(443, 443, 9, 10, 153811, 1538110)
  ,(444, 444, 10, 6, 435555, 2613330)
  ,(445, 445, 11, 5, 314856, 1574280)
  ,(446, 446, 12, 2, 203323, 406646)
  ,(447, 447, 13, 10, 174757, 1747570)
  ,(448, 448, 14, 5, 129659, 648295)
  ,(449, 449, 15, 7, 323319, 2263233)
  ,(450, 450, 16, 1, 163361, 163361)
  ,(451, 451, 17, 3, 266232, 798696)
  ,(452, 452, 18, 9, 302080, 2718720)
  ,(453, 453, 19, 9, 112498, 1012482)
  ,(454, 454, 20, 1, 487970, 487970)
  ,(455, 455, 21, 5, 137112, 685560)
  ,(456, 456, 22, 3, 311357, 934071)
  ,(457, 457, 23, 2, 214418, 428836)
  ,(458, 458, 24, 7, 110822, 775754)
  ,(459, 459, 25, 7, 220356, 1542492)
  ,(460, 460, 26, 6, 499385, 2996310)
  ,(461, 461, 27, 7, 413546, 2894822)
  ,(462, 462, 28, 9, 184635, 1661715)
  ,(463, 463, 29, 4, 209540, 838160)
  ,(464, 464, 30, 9, 422185, 3799665)
  ,(465, 465, 31, 4, 105961, 423844)
  ,(466, 466, 1, 10, 177323, 1773230)
  ,(467, 467, 2, 5, 419974, 2099870)
  ,(468, 468, 3, 8, 138833, 1110664)
  ,(469, 469, 4, 10, 245994, 2459940)
  ,(470, 470, 5, 9, 377129, 3394161)
  ,(471, 471, 6, 7, 357280, 2500960)
  ,(472, 472, 7, 10, 232885, 2328850)
  ,(473, 473, 8, 9, 354161, 3187449)
  ,(474, 474, 9, 4, 494648, 1978592)
  ,(475, 475, 10, 9, 256543, 2308887)
  ,(476, 476, 11, 5, 437626, 2188130)
  ,(477, 477, 12, 3, 484463, 1453389)
  ,(478, 478, 13, 6, 437647, 2625882)
  ,(479, 479, 14, 9, 151036, 1359324)
  ,(480, 480, 15, 9, 276691, 2490219)
  ,(481, 481, 16, 6, 404528, 2427168)
  ,(482, 482, 17, 4, 315362, 1261448)
  ,(483, 483, 18, 3, 440558, 1321674)
  ,(484, 484, 19, 3, 409229, 1227687)
  ,(485, 485, 20, 10, 295796, 2957960)
  ,(486, 486, 21, 9, 444432, 3999888)
  ,(487, 487, 22, 3, 455850, 1367550)
  ,(488, 488, 23, 10, 470211, 4702110)
  ,(489, 489, 24, 5, 364426, 1822130)
  ,(490, 490, 25, 2, 187731, 375462)
  ,(491, 491, 26, 4, 179988, 719952)
  ,(492, 492, 27, 7, 242935, 1700545)
  ,(493, 493, 28, 9, 432260, 3890340)
  ,(494, 494, 29, 2, 125255, 250510)
  ,(495, 495, 30, 6, 152321, 913926)
  ,(496, 496, 31, 6, 393029, 2358174)
  ,(497, 497, 1, 3, 138366, 415098)
  ,(498, 498, 2, 1, 231626, 231626)
  ,(499, 499, 3, 2, 429593, 859186)
  ,(500, 500, 4, 5, 237533, 1187665);
COMMIT; 
  
  
BEGIN;
INSERT INTO `orders` VALUES (1, CAST(N'2020-02-02T07:17:35.220' AS DateTime), 1, 298506)
  ,(2, CAST(N'2020-01-07T07:19:27.300' AS DateTime), 2, 657019)
  ,(3, CAST(N'2020-06-29T11:44:22.320' AS DateTime), 1, 453152)
  ,(4, CAST(N'2020-06-12T21:26:29.670' AS DateTime), 2, 396650)
  ,(5, CAST(N'2020-02-24T20:33:49.410' AS DateTime), 1, 282957)
  ,(6, CAST(N'2020-02-02T06:19:53.560' AS DateTime), 2, 930958)
  ,(7, CAST(N'2020-06-25T19:55:35.930' AS DateTime), 1, 883283)
  ,(8, CAST(N'2020-03-12T17:26:51.300' AS DateTime), 2, 457199)
  ,(9, CAST(N'2020-03-27T03:00:40.710' AS DateTime), 1, 748452)
  ,(10, CAST(N'2020-06-02T09:23:31.630' AS DateTime), 2, 623985)
  ,(11, CAST(N'2020-06-03T20:22:51.290' AS DateTime), 1, 393597)
  ,(12, CAST(N'2020-01-28T20:52:07.400' AS DateTime), 2, 741378)
  ,(13, CAST(N'2020-02-10T07:09:10.480' AS DateTime), 1, 635303)
  ,(14, CAST(N'2020-03-27T00:47:40.270' AS DateTime), 2, 561762)
  ,(15, CAST(N'2020-02-11T03:14:45.220' AS DateTime), 1, 662003)
  ,(16, CAST(N'2020-05-02T10:28:51.990' AS DateTime), 2, 930453)
  ,(17, CAST(N'2020-02-02T17:41:15.300' AS DateTime), 1, 116940)
  ,(18, CAST(N'2020-03-09T04:31:04.540' AS DateTime), 2, 652570)
  ,(19, CAST(N'2020-01-27T15:17:08.370' AS DateTime), 1, 278689)
  ,(20, CAST(N'2020-05-06T17:29:15.070' AS DateTime), 2, 524625)
  ,(21, CAST(N'2020-01-13T22:10:31.120' AS DateTime), 1, 400943)
  ,(22, CAST(N'2020-04-08T18:33:12.110' AS DateTime), 2, 130256)
  ,(23, CAST(N'2020-02-21T18:05:00.610' AS DateTime), 1, 659061)
  ,(24, CAST(N'2020-06-01T23:05:23.780' AS DateTime), 2, 586921)
  ,(25, CAST(N'2020-04-03T11:17:26.860' AS DateTime), 1, 738694)
  ,(26, CAST(N'2020-03-15T09:32:09.970' AS DateTime), 2, 725175)
  ,(27, CAST(N'2020-04-17T17:30:48.900' AS DateTime), 1, 380763)
  ,(28, CAST(N'2020-02-18T08:14:53.600' AS DateTime), 2, 553191)
  ,(29, CAST(N'2020-04-02T07:28:08.310' AS DateTime), 1, 153703)
  ,(30, CAST(N'2020-02-18T02:05:12.240' AS DateTime), 2, 886268)
  ,(31, CAST(N'2020-04-24T22:47:09.090' AS DateTime), 1, 433605)
  ,(32, CAST(N'2020-02-01T23:26:46.870' AS DateTime), 2, 730648)
  ,(33, CAST(N'2020-02-15T14:26:02.500' AS DateTime), 1, 148084)
  ,(34, CAST(N'2020-03-06T08:14:37.810' AS DateTime), 2, 467553)
  ,(35, CAST(N'2020-01-21T08:31:28.210' AS DateTime), 1, 827249)
  ,(36, CAST(N'2020-04-12T07:45:32.940' AS DateTime), 2, 684312)
  ,(37, CAST(N'2020-02-28T01:55:28.960' AS DateTime), 1, 977340)
  ,(38, CAST(N'2020-05-20T05:55:34.800' AS DateTime), 2, 221572)
  ,(39, CAST(N'2020-02-13T15:11:22.250' AS DateTime), 1, 622726)
  ,(40, CAST(N'2020-03-11T08:37:27.030' AS DateTime), 2, 569412)
  ,(41, CAST(N'2020-04-03T13:20:40.870' AS DateTime), 1, 144562)
  ,(42, CAST(N'2020-06-26T08:09:23.290' AS DateTime), 2, 579397)
  ,(43, CAST(N'2020-03-22T12:07:40.030' AS DateTime), 1, 632653)
  ,(44, CAST(N'2020-01-28T00:20:53.300' AS DateTime), 2, 435535)
  ,(45, CAST(N'2020-02-09T03:56:53.180' AS DateTime), 1, 341279)
  ,(46, CAST(N'2020-02-11T09:43:19.860' AS DateTime), 2, 988548)
  ,(47, CAST(N'2020-03-23T01:43:48.720' AS DateTime), 1, 218005)
  ,(48, CAST(N'2020-04-11T05:59:20.830' AS DateTime), 2, 629163)
  ,(49, CAST(N'2020-02-28T15:26:45.580' AS DateTime), 1, 564960)
  ,(50, CAST(N'2020-01-08T01:55:50.530' AS DateTime), 2, 370625)
  ,(51, CAST(N'2020-03-25T01:10:15.780' AS DateTime), 1, 724559)
  ,(52, CAST(N'2020-02-07T09:59:27.440' AS DateTime), 2, 194822)
  ,(53, CAST(N'2020-05-15T12:39:06.210' AS DateTime), 1, 279569)
  ,(54, CAST(N'2020-06-16T19:38:25.320' AS DateTime), 2, 398678)
  ,(55, CAST(N'2020-03-25T18:06:05.480' AS DateTime), 1, 879357)
  ,(56, CAST(N'2020-04-25T00:44:23.110' AS DateTime), 2, 268249)
  ,(57, CAST(N'2020-05-16T01:14:26.690' AS DateTime), 1, 997959)
  ,(58, CAST(N'2020-01-29T00:38:58.540' AS DateTime), 2, 866231)
  ,(59, CAST(N'2020-03-11T22:09:02.800' AS DateTime), 1, 657956)
  ,(60, CAST(N'2020-06-10T23:01:39.450' AS DateTime), 2, 557782)
  ,(61, CAST(N'2020-04-16T00:49:04.660' AS DateTime), 1, 650194)
  ,(62, CAST(N'2020-05-08T23:40:42.320' AS DateTime), 2, 430091)
  ,(63, CAST(N'2020-06-09T21:58:42.990' AS DateTime), 1, 403496)
  ,(64, CAST(N'2020-02-08T12:55:28.470' AS DateTime), 2, 862185)
  ,(65, CAST(N'2020-02-08T22:36:22.540' AS DateTime), 1, 290379)
  ,(66, CAST(N'2020-05-03T08:56:04.410' AS DateTime), 2, 662950)
  ,(67, CAST(N'2020-06-12T18:26:04.900' AS DateTime), 1, 693293)
  ,(68, CAST(N'2020-06-05T10:54:32.670' AS DateTime), 2, 267749)
  ,(69, CAST(N'2020-03-07T04:16:12.050' AS DateTime), 1, 734513)
  ,(70, CAST(N'2020-04-30T07:29:12.280' AS DateTime), 2, 977691)
  ,(71, CAST(N'2020-03-05T20:33:23.020' AS DateTime), 1, 953114)
  ,(72, CAST(N'2020-03-14T23:45:40.510' AS DateTime), 2, 895369)
  ,(73, CAST(N'2020-01-26T01:19:42.290' AS DateTime), 1, 129843)
  ,(74, CAST(N'2020-05-17T18:39:41.350' AS DateTime), 2, 709277)
  ,(75, CAST(N'2020-02-03T16:08:34.190' AS DateTime), 1, 480063)
  ,(76, CAST(N'2020-01-18T02:01:07.830' AS DateTime), 2, 821547)
  ,(77, CAST(N'2020-01-18T18:25:32.080' AS DateTime), 1, 497604)
  ,(78, CAST(N'2020-01-26T05:44:07.310' AS DateTime), 2, 323525)
  ,(79, CAST(N'2020-04-24T07:08:30.590' AS DateTime), 1, 345642)
  ,(80, CAST(N'2020-02-22T13:34:07.000' AS DateTime), 2, 750147)
  ,(81, CAST(N'2020-06-22T19:48:21.260' AS DateTime), 1, 607169)
  ,(82, CAST(N'2020-01-07T23:31:28.060' AS DateTime), 2, 751600)
  ,(83, CAST(N'2020-06-20T04:48:08.030' AS DateTime), 1, 988231)
  ,(84, CAST(N'2020-03-26T17:32:17.780' AS DateTime), 2, 783078)
  ,(85, CAST(N'2020-05-25T12:54:56.460' AS DateTime), 1, 261708)
  ,(86, CAST(N'2020-03-19T00:47:41.640' AS DateTime), 2, 338783)
  ,(87, CAST(N'2020-03-18T22:47:40.660' AS DateTime), 1, 551078)
  ,(88, CAST(N'2020-02-29T06:47:37.190' AS DateTime), 2, 749406)
  ,(89, CAST(N'2020-06-11T02:08:32.330' AS DateTime), 1, 588196)
  ,(90, CAST(N'2020-03-27T19:47:05.100' AS DateTime), 2, 658999)
  ,(91, CAST(N'2020-05-27T18:31:06.260' AS DateTime), 1, 686354)
  ,(92, CAST(N'2020-01-31T13:16:30.420' AS DateTime), 2, 211108)
  ,(93, CAST(N'2020-03-10T19:46:31.990' AS DateTime), 1, 563616)
  ,(94, CAST(N'2020-03-04T04:09:42.800' AS DateTime), 2, 164944)
  ,(95, CAST(N'2020-05-25T19:48:22.370' AS DateTime), 1, 919219)
  ,(96, CAST(N'2020-05-26T01:39:58.550' AS DateTime), 2, 714471)
  ,(97, CAST(N'2020-01-17T22:10:40.300' AS DateTime), 1, 275901)
  ,(98, CAST(N'2020-02-13T11:12:11.550' AS DateTime), 2, 770469)
  ,(99, CAST(N'2020-06-18T13:44:30.770' AS DateTime), 1, 245155)
  ,(100, CAST(N'2020-04-07T07:00:48.780' AS DateTime), 2, 678330);
COMMIT;




